Name,Description,List,Labels,Members
"Set up production environment (AWS/GCP)","Week: 1-2; Role: Developer; Area: Foundation & Setup; Status: To Do","To Do","Week 1-2,Role: Dev,Area: Foundation & Setup","Joaquin"
"Configure CI/CD pipeline with GitHub Actions","Week: 1-2; Role: Developer; Area: Foundation & Setup; Status: To Do","To Do","Week 1-2,Role: Dev,Area: Foundation & Setup","Joaquin"
"Set up PostgreSQL database with schemas","Week: 1-2; Role: Developer; Area: Foundation & Setup; Status: To Do","To Do","Week 1-2,Role: Dev,Area: Foundation & Setup","Joaquin"
"Configure Redis for caching","Week: 1-2; Role: Developer; Area: Foundation & Setup; Status: To Do","To Do","Week 1-2,Role: Dev,Area: Foundation & Setup","Joaquin"
"Implement database migrations for users, orders, products","Week: 1-2; Role: Developer; Area: Foundation & Setup; Status: To Do","To Do","Week 1-2,Role: Dev,Area: Foundation & Setup","Joaquin"
"Set up monitoring (logs, error tracking)","Week: 1-2; Role: Developer; Area: Foundation & Setup; Status: To Do","To Do","Week 1-2,Role: Dev,Area: Foundation & Setup","Joaquin"
"Configure environment variables for all APIs","Week: 1-2; Role: Developer; Area: Foundation & Setup; Status: To Do","To Do","Week 1-2,Role: Dev,Area: Foundation & Setup","Joaquin"
"WhatsApp Business API integration","Week: 1-2; Role: Developer; Area: Foundation & Setup; Status: In Progress","In Progress","Week 1-2,Role: Dev,Area: Foundation & Setup","Joaquin"
"Webhook setup and testing","Week: 1-2; Role: Developer; Area: Foundation & Setup; Status: In Progress","In Progress","Week 1-2,Role: Dev,Area: Foundation & Setup","Joaquin"
"Basic conversation flow implementation","Week: 1-2; Role: Developer; Area: Foundation & Setup; Status: In Progress","In Progress","Week 1-2,Role: Dev,Area: Foundation & Setup","Joaquin"
"Unit tests for core functions","Week: 1-2; Role: Developer; Area: Foundation & Setup; Status: Testing","Testing","Week 1-2,Role: Dev,Area: Foundation & Setup","Joaquin"
"Integration tests for Pequeño Mundo scraper","Week: 1-2; Role: Developer; Area: Foundation & Setup; Status: Testing","Testing","Week 1-2,Role: Dev,Area: Foundation & Setup","Joaquin"
"WhatsApp webhook testing","Week: 1-2; Role: Developer; Area: Foundation & Setup; Status: Testing","Testing","Week 1-2,Role: Dev,Area: Foundation & Setup","Joaquin"
"Pequeño Mundo scraping system","Week: 1-2; Role: Developer; Area: Foundation & Setup; Status: Done","Done","Week 1-2,Role: Dev,Area: Foundation & Setup","Joaquin"
"AI rebranding with GPT-4","Week: 1-2; Role: Developer; Area: Foundation & Setup; Status: Done","Done","Week 1-2,Role: Dev,Area: Foundation & Setup","Joaquin"
"Image processing pipeline","Week: 1-2; Role: Developer; Area: Foundation & Setup; Status: Done","Done","Week 1-2,Role: Dev,Area: Foundation & Setup","Joaquin"
"Basic project structure","Week: 1-2; Role: Developer; Area: Foundation & Setup; Status: Done","Done","Week 1-2,Role: Dev,Area: Foundation & Setup","Joaquin"
"Register WhatsApp Business account","Week: 1-2; Role: Business; Area: Foundation & Setup; Status: To Do","To Do","Week 1-2,Role: Business,Area: Foundation & Setup","Viviana"
"Create business profile and catalog structure","Week: 1-2; Role: Business; Area: Foundation & Setup; Status: To Do","To Do","Week 1-2,Role: Business,Area: Foundation & Setup","Viviana"
"Research competitor pricing in Costa Rica","Week: 1-2; Role: Business; Area: Foundation & Setup; Status: To Do","To Do","Week 1-2,Role: Business,Area: Foundation & Setup","Viviana"
"Define product categories and naming conventions","Week: 1-2; Role: Business; Area: Foundation & Setup; Status: To Do","To Do","Week 1-2,Role: Business,Area: Foundation & Setup","Viviana"
"Create customer service scripts in Spanish","Week: 1-2; Role: Business; Area: Foundation & Setup; Status: To Do","To Do","Week 1-2,Role: Business,Area: Foundation & Setup","Viviana"
"Research legal requirements for e-commerce in CR","Week: 1-2; Role: Business; Area: Foundation & Setup; Status: To Do","To Do","Week 1-2,Role: Business,Area: Foundation & Setup","Viviana"
"Test product rebranding quality","Week: 1-2; Role: Business; Area: Foundation & Setup; Status: In Progress","In Progress","Week 1-2,Role: Business,Area: Foundation & Setup","Viviana"
"Review AI-generated product descriptions","Week: 1-2; Role: Business; Area: Foundation & Setup; Status: In Progress","In Progress","Week 1-2,Role: Business,Area: Foundation & Setup","Viviana"
"Create brand voice guidelines","Week: 1-2; Role: Business; Area: Foundation & Setup; Status: In Progress","In Progress","Week 1-2,Role: Business,Area: Foundation & Setup","Viviana"
"Test WhatsApp conversation flows","Week: 1-2; Role: Business; Area: Foundation & Setup; Status: Testing","Testing","Week 1-2,Role: Business,Area: Foundation & Setup","Viviana"
"Verify product descriptions make sense","Week: 1-2; Role: Business; Area: Foundation & Setup; Status: Testing","Testing","Week 1-2,Role: Business,Area: Foundation & Setup","Viviana"
"Check pricing competitiveness","Week: 1-2; Role: Business; Area: Foundation & Setup; Status: Testing","Testing","Week 1-2,Role: Business,Area: Foundation & Setup","Viviana"
"Project concept validation","Week: 1-2; Role: Business; Area: Foundation & Setup; Status: Done","Done","Week 1-2,Role: Business,Area: Foundation & Setup","Viviana"
"Market research basics","Week: 1-2; Role: Business; Area: Foundation & Setup; Status: Done","Done","Week 1-2,Role: Business,Area: Foundation & Setup","Viviana"
"Implement order management system","Week: 3-4; Role: Developer; Area: Core Product Development; Status: To Do","To Do","Week 3-4,Role: Dev,Area: Core Product Development","Joaquin"
"Create customer database and profiles","Week: 3-4; Role: Developer; Area: Core Product Development; Status: To Do","To Do","Week 3-4,Role: Dev,Area: Core Product Development","Joaquin"
"Build admin dashboard (React)","Week: 3-4; Role: Developer; Area: Core Product Development; Status: To Do","To Do","Week 3-4,Role: Dev,Area: Core Product Development","Joaquin"
"Implement real-time order tracking","Week: 3-4; Role: Developer; Area: Core Product Development; Status: To Do","To Do","Week 3-4,Role: Dev,Area: Core Product Development","Joaquin"
"Set up automated backup systems","Week: 3-4; Role: Developer; Area: Core Product Development; Status: To Do","To Do","Week 3-4,Role: Dev,Area: Core Product Development","Joaquin"
"Create API documentation","Week: 3-4; Role: Developer; Area: Core Product Development; Status: To Do","To Do","Week 3-4,Role: Dev,Area: Core Product Development","Joaquin"
"SINPE payment integration","Week: 3-4; Role: Developer; Area: Core Product Development; Status: In Progress","In Progress","Week 3-4,Role: Dev,Area: Core Product Development","Joaquin"
"Order status automation","Week: 3-4; Role: Developer; Area: Core Product Development; Status: In Progress","In Progress","Week 3-4,Role: Dev,Area: Core Product Development","Joaquin"
"Inventory tracking system","Week: 3-4; Role: Developer; Area: Core Product Development; Status: In Progress","In Progress","Week 3-4,Role: Dev,Area: Core Product Development","Joaquin"
"End-to-end order flow testing","Week: 3-4; Role: Developer; Area: Core Product Development; Status: Testing","Testing","Week 3-4,Role: Dev,Area: Core Product Development","Joaquin"
"Payment system testing","Week: 3-4; Role: Developer; Area: Core Product Development; Status: Testing","Testing","Week 3-4,Role: Dev,Area: Core Product Development","Joaquin"
"Database performance testing","Week: 3-4; Role: Developer; Area: Core Product Development; Status: Testing","Testing","Week 3-4,Role: Dev,Area: Core Product Development","Joaquin"
"Complete WhatsApp integration","Week: 3-4; Role: Developer; Area: Core Product Development; Status: Done","Done","Week 3-4,Role: Dev,Area: Core Product Development","Joaquin"
"Basic conversation AI","Week: 3-4; Role: Developer; Area: Core Product Development; Status: Done","Done","Week 3-4,Role: Dev,Area: Core Product Development","Joaquin"
"Product search functionality","Week: 3-4; Role: Developer; Area: Core Product Development; Status: Done","Done","Week 3-4,Role: Dev,Area: Core Product Development","Joaquin"
"Create customer onboarding process","Week: 3-4; Role: Business; Area: Core Product Development; Status: To Do","To Do","Week 3-4,Role: Business,Area: Core Product Development","Viviana"
"Design customer support workflows","Week: 3-4; Role: Business; Area: Core Product Development; Status: To Do","To Do","Week 3-4,Role: Business,Area: Core Product Development","Viviana"
"Prepare product photography guidelines","Week: 3-4; Role: Business; Area: Core Product Development; Status: To Do","To Do","Week 3-4,Role: Business,Area: Core Product Development","Viviana"
"Create social media accounts (Instagram, Facebook)","Week: 3-4; Role: Business; Area: Core Product Development; Status: To Do","To Do","Week 3-4,Role: Business,Area: Core Product Development","Viviana"
"Develop customer retention strategies","Week: 3-4; Role: Business; Area: Core Product Development; Status: To Do","To Do","Week 3-4,Role: Business,Area: Core Product Development","Viviana"
"Test complete customer journey","Week: 3-4; Role: Business; Area: Core Product Development; Status: In Progress","In Progress","Week 3-4,Role: Business,Area: Core Product Development","Viviana"
"Create FAQ database in Spanish","Week: 3-4; Role: Business; Area: Core Product Development; Status: In Progress","In Progress","Week 3-4,Role: Business,Area: Core Product Development","Viviana"
"Develop pricing strategy per category","Week: 3-4; Role: Business; Area: Core Product Development; Status: In Progress","In Progress","Week 3-4,Role: Business,Area: Core Product Development","Viviana"
"Test payment flows from customer perspective","Week: 3-4; Role: Business; Area: Core Product Development; Status: Testing","Testing","Week 3-4,Role: Business,Area: Core Product Development","Viviana"
"Verify order confirmation messages","Week: 3-4; Role: Business; Area: Core Product Development; Status: Testing","Testing","Week 3-4,Role: Business,Area: Core Product Development","Viviana"
"Test customer support responses","Week: 3-4; Role: Business; Area: Core Product Development; Status: Testing","Testing","Week 3-4,Role: Business,Area: Core Product Development","Viviana"
"Brand guidelines and voice","Week: 3-4; Role: Business; Area: Core Product Development; Status: Done","Done","Week 3-4,Role: Business,Area: Core Product Development","Viviana"
"Product category definitions","Week: 3-4; Role: Business; Area: Core Product Development; Status: Done","Done","Week 3-4,Role: Business,Area: Core Product Development","Viviana"
"Customer service scripts","Week: 3-4; Role: Business; Area: Core Product Development; Status: Done","Done","Week 3-4,Role: Business,Area: Core Product Development","Viviana"
"Implement Correos CR shipping integration","Week: 5-6; Role: Developer; Area: Automation & Optimization; Status: To Do","To Do","Week 5-6,Role: Dev,Area: Automation & Optimization","Joaquin"
"Create automated order processing","Week: 5-6; Role: Developer; Area: Automation & Optimization; Status: To Do","To Do","Week 5-6,Role: Dev,Area: Automation & Optimization","Joaquin"
"Set up inventory alerts and management","Week: 5-6; Role: Developer; Area: Automation & Optimization; Status: To Do","To Do","Week 5-6,Role: Dev,Area: Automation & Optimization","Joaquin"
"Build analytics and reporting system","Week: 5-6; Role: Developer; Area: Automation & Optimization; Status: To Do","To Do","Week 5-6,Role: Dev,Area: Automation & Optimization","Joaquin"
"Implement customer segmentation","Week: 5-6; Role: Developer; Area: Automation & Optimization; Status: To Do","To Do","Week 5-6,Role: Dev,Area: Automation & Optimization","Joaquin"
"Optimize database queries and performance","Week: 5-6; Role: Developer; Area: Automation & Optimization; Status: To Do","To Do","Week 5-6,Role: Dev,Area: Automation & Optimization","Joaquin"
"Advanced AI conversation features","Week: 5-6; Role: Developer; Area: Automation & Optimization; Status: In Progress","In Progress","Week 5-6,Role: Dev,Area: Automation & Optimization","Joaquin"
"Recommendation engine for products","Week: 5-6; Role: Developer; Area: Automation & Optimization; Status: In Progress","In Progress","Week 5-6,Role: Dev,Area: Automation & Optimization","Joaquin"
"Automated restock notifications","Week: 5-6; Role: Developer; Area: Automation & Optimization; Status: In Progress","In Progress","Week 5-6,Role: Dev,Area: Automation & Optimization","Joaquin"
"Load testing for concurrent users","Week: 5-6; Role: Developer; Area: Automation & Optimization; Status: Testing","Testing","Week 5-6,Role: Dev,Area: Automation & Optimization","Joaquin"
"Shipping integration testing","Week: 5-6; Role: Developer; Area: Automation & Optimization; Status: Testing","Testing","Week 5-6,Role: Dev,Area: Automation & Optimization","Joaquin"
"Analytics accuracy verification","Week: 5-6; Role: Developer; Area: Automation & Optimization; Status: Testing","Testing","Week 5-6,Role: Dev,Area: Automation & Optimization","Joaquin"
"Payment system fully operational","Week: 5-6; Role: Developer; Area: Automation & Optimization; Status: Done","Done","Week 5-6,Role: Dev,Area: Automation & Optimization","Joaquin"
"Order management system","Week: 5-6; Role: Developer; Area: Automation & Optimization; Status: Done","Done","Week 5-6,Role: Dev,Area: Automation & Optimization","Joaquin"
"Basic admin dashboard","Week: 5-6; Role: Developer; Area: Automation & Optimization; Status: Done","Done","Week 5-6,Role: Dev,Area: Automation & Optimization","Joaquin"
"Create marketing campaign materials","Week: 5-6; Role: Business; Area: Automation & Optimization; Status: To Do","To Do","Week 5-6,Role: Business,Area: Automation & Optimization","Viviana"
"Develop customer referral program","Week: 5-6; Role: Business; Area: Automation & Optimization; Status: To Do","To Do","Week 5-6,Role: Business,Area: Automation & Optimization","Viviana"
"Prepare launch strategy","Week: 5-6; Role: Business; Area: Automation & Optimization; Status: To Do","To Do","Week 5-6,Role: Business,Area: Automation & Optimization","Viviana"
"Create content calendar for social media","Week: 5-6; Role: Business; Area: Automation & Optimization; Status: To Do","To Do","Week 5-6,Role: Business,Area: Automation & Optimization","Viviana"
"Establish supplier relationships backup plans","Week: 5-6; Role: Business; Area: Automation & Optimization; Status: To Do","To Do","Week 5-6,Role: Business,Area: Automation & Optimization","Viviana"
"Test all customer touchpoints","Week: 5-6; Role: Business; Area: Automation & Optimization; Status: In Progress","In Progress","Week 5-6,Role: Business,Area: Automation & Optimization","Viviana"
"Create promotional pricing strategies","Week: 5-6; Role: Business; Area: Automation & Optimization; Status: In Progress","In Progress","Week 5-6,Role: Business,Area: Automation & Optimization","Viviana"
"Develop customer loyalty program","Week: 5-6; Role: Business; Area: Automation & Optimization; Status: In Progress","In Progress","Week 5-6,Role: Business,Area: Automation & Optimization","Viviana"
"Full customer experience testing","Week: 5-6; Role: Business; Area: Automation & Optimization; Status: Testing","Testing","Week 5-6,Role: Business,Area: Automation & Optimization","Viviana"
"Stress test customer service workflows","Week: 5-6; Role: Business; Area: Automation & Optimization; Status: Testing","Testing","Week 5-6,Role: Business,Area: Automation & Optimization","Viviana"
"Test promotional campaigns","Week: 5-6; Role: Business; Area: Automation & Optimization; Status: Testing","Testing","Week 5-6,Role: Business,Area: Automation & Optimization","Viviana"
"Complete customer journey documentation","Week: 5-6; Role: Business; Area: Automation & Optimization; Status: Done","Done","Week 5-6,Role: Business,Area: Automation & Optimization","Viviana"
"Customer support protocols","Week: 5-6; Role: Business; Area: Automation & Optimization; Status: Done","Done","Week 5-6,Role: Business,Area: Automation & Optimization","Viviana"
"Pricing strategy finalized","Week: 5-6; Role: Business; Area: Automation & Optimization; Status: Done","Done","Week 5-6,Role: Business,Area: Automation & Optimization","Viviana"
"Final security audit and penetration testing","Week: 7-8; Role: Developer; Area: Launch Preparation & Final Testing; Status: To Do","To Do","Week 7-8,Role: Dev,Area: Launch Prep & Testing","Joaquin"
"Performance optimization and scaling preparation","Week: 7-8; Role: Developer; Area: Launch Preparation & Final Testing; Status: To Do","To Do","Week 7-8,Role: Dev,Area: Launch Prep & Testing","Joaquin"
"Set up production monitoring and alerting","Week: 7-8; Role: Developer; Area: Launch Preparation & Final Testing; Status: To Do","To Do","Week 7-8,Role: Dev,Area: Launch Prep & Testing","Joaquin"
"Create backup and disaster recovery procedures","Week: 7-8; Role: Developer; Area: Launch Preparation & Final Testing; Status: To Do","To Do","Week 7-8,Role: Dev,Area: Launch Prep & Testing","Joaquin"
"Final API integrations testing","Week: 7-8; Role: Developer; Area: Launch Preparation & Final Testing; Status: To Do","To Do","Week 7-8,Role: Dev,Area: Launch Prep & Testing","Joaquin"
"Mobile responsiveness optimization","Week: 7-8; Role: Developer; Area: Launch Preparation & Final Testing; Status: To Do","To Do","Week 7-8,Role: Dev,Area: Launch Prep & Testing","Joaquin"
"Pre-launch system stress testing","Week: 7-8; Role: Developer; Area: Launch Preparation & Final Testing; Status: In Progress","In Progress","Week 7-8,Role: Dev,Area: Launch Prep & Testing","Joaquin"
"Final bug fixes and optimizations","Week: 7-8; Role: Developer; Area: Launch Preparation & Final Testing; Status: In Progress","In Progress","Week 7-8,Role: Dev,Area: Launch Prep & Testing","Joaquin"
"Documentation completion","Week: 7-8; Role: Developer; Area: Launch Preparation & Final Testing; Status: In Progress","In Progress","Week 7-8,Role: Dev,Area: Launch Prep & Testing","Joaquin"
"Complete system integration testing","Week: 7-8; Role: Developer; Area: Launch Preparation & Final Testing; Status: Testing","Testing","Week 7-8,Role: Dev,Area: Launch Prep & Testing","Joaquin"
"User acceptance testing with real scenarios","Week: 7-8; Role: Developer; Area: Launch Preparation & Final Testing; Status: Testing","Testing","Week 7-8,Role: Dev,Area: Launch Prep & Testing","Joaquin"
"Performance testing under load","Week: 7-8; Role: Developer; Area: Launch Preparation & Final Testing; Status: Testing","Testing","Week 7-8,Role: Dev,Area: Launch Prep & Testing","Joaquin"
"All core features implemented","Week: 7-8; Role: Developer; Area: Launch Preparation & Final Testing; Status: Done","Done","Week 7-8,Role: Dev,Area: Launch Prep & Testing","Joaquin"
"Shipping automation working","Week: 7-8; Role: Developer; Area: Launch Preparation & Final Testing; Status: Done","Done","Week 7-8,Role: Dev,Area: Launch Prep & Testing","Joaquin"
"Analytics system operational","Week: 7-8; Role: Developer; Area: Launch Preparation & Final Testing; Status: Done","Done","Week 7-8,Role: Dev,Area: Launch Prep & Testing","Joaquin"
"Create launch announcement materials","Week: 7-8; Role: Business; Area: Launch Preparation & Final Testing; Status: To Do","To Do","Week 7-8,Role: Business,Area: Launch Prep & Testing","Viviana"
"Prepare customer onboarding materials","Week: 7-8; Role: Business; Area: Launch Preparation & Final Testing; Status: To Do","To Do","Week 7-8,Role: Business,Area: Launch Prep & Testing","Viviana"
"Set up customer feedback collection system","Week: 7-8; Role: Business; Area: Launch Preparation & Final Testing; Status: To Do","To Do","Week 7-8,Role: Business,Area: Launch Prep & Testing","Viviana"
"Create post-launch support procedures","Week: 7-8; Role: Business; Area: Launch Preparation & Final Testing; Status: To Do","To Do","Week 7-8,Role: Business,Area: Launch Prep & Testing","Viviana"
"Prepare initial inventory list","Week: 7-8; Role: Business; Area: Launch Preparation & Final Testing; Status: To Do","To Do","Week 7-8,Role: Business,Area: Launch Prep & Testing","Viviana"
"Final customer experience testing","Week: 7-8; Role: Business; Area: Launch Preparation & Final Testing; Status: In Progress","In Progress","Week 7-8,Role: Business,Area: Launch Prep & Testing","Viviana"
"Pre-launch marketing activities","Week: 7-8; Role: Business; Area: Launch Preparation & Final Testing; Status: In Progress","In Progress","Week 7-8,Role: Business,Area: Launch Prep & Testing","Viviana"
"Team training for launch","Week: 7-8; Role: Business; Area: Launch Preparation & Final Testing; Status: In Progress","In Progress","Week 7-8,Role: Business,Area: Launch Prep & Testing","Viviana"
"Complete end-to-end customer journey testing","Week: 7-8; Role: Business; Area: Launch Preparation & Final Testing; Status: Testing","Testing","Week 7-8,Role: Business,Area: Launch Prep & Testing","Viviana"
"Test all customer service scenarios","Week: 7-8; Role: Business; Area: Launch Preparation & Final Testing; Status: Testing","Testing","Week 7-8,Role: Business,Area: Launch Prep & Testing","Viviana"
"Verify all marketing materials","Week: 7-8; Role: Business; Area: Launch Preparation & Final Testing; Status: Testing","Testing","Week 7-8,Role: Business,Area: Launch Prep & Testing","Viviana"
"Launch strategy finalized","Week: 7-8; Role: Business; Area: Launch Preparation & Final Testing; Status: Done","Done","Week 7-8,Role: Business,Area: Launch Prep & Testing","Viviana"
"Customer support team trained","Week: 7-8; Role: Business; Area: Launch Preparation & Final Testing; Status: Done","Done","Week 7-8,Role: Business,Area: Launch Prep & Testing","Viviana"
"Marketing materials ready","Week: 7-8; Role: Business; Area: Launch Preparation & Final Testing; Status: Done","Done","Week 7-8,Role: Business,Area: Launch Prep & Testing","Viviana"
"Create customer onboarding process","Week: 3-4; Role: Business; Area: Core Product Development; Status: To Do","To Do","Week 3-4,Role: Business,Area: Core Product Development","Viviana"
"Critical Path: WhatsApp Business API setup and webhook configuration","Critical Path Dependency for Week 1; Owners: Developer + Business (account approval); Blocking downstream work","Critical Path","Critical Path,Week 1","Joaquin"
"Critical Path: WhatsApp Business account approval and profile setup","Critical Path Dependency for Week 1; Owner: Business; Blocks Developer webhook integration","Critical Path","Critical Path,Week 1","Viviana"
"Critical Path: SINPE payment integration working","Critical Path Dependency for Week 3; Owner: Developer; Blocks order processing","Critical Path","Critical Path,Week 3","Joaquin"
"Critical Path: Legal compliance and business registration complete","Critical Path Dependency for Week 3; Owner: Business; Blocks order processing","Critical Path","Critical Path,Week 3","Viviana"
"Critical Path: Correos CR shipping integration","Critical Path Dependency for Week 5; Owner: Developer; Blocks full automation","Critical Path","Critical Path,Week 5","Joaquin"
"Critical Path: Supplier agreements and backup plans","Critical Path Dependency for Week 5; Owner: Business; Blocks full automation","Critical Path","Critical Path,Week 5","Viviana"
"Launch Readiness - Technical: All APIs integrated and tested","Technical readiness checklist item","Launch Readiness - Technical","Launch Readiness,Technical","Joaquin"
"Launch Readiness - Technical: Database optimized and backed up","Technical readiness checklist item","Launch Readiness - Technical","Launch Readiness,Technical","Joaquin"
"Launch Readiness - Technical: Monitoring and alerting configured","Technical readiness checklist item","Launch Readiness - Technical","Launch Readiness,Technical","Joaquin"
"Launch Readiness - Technical: Security audit completed","Technical readiness checklist item","Launch Readiness - Technical","Launch Readiness,Technical","Joaquin"
"Launch Readiness - Technical: Performance testing passed","Technical readiness checklist item","Launch Readiness - Technical","Launch Readiness,Technical","Joaquin"
"Launch Readiness - Business: Customer support trained","Business readiness checklist item","Launch Readiness - Business","Launch Readiness,Business","Viviana"
"Launch Readiness - Business: Marketing materials ready","Business readiness checklist item","Launch Readiness - Business","Launch Readiness,Business","Viviana"
"Launch Readiness - Business: Legal compliance verified","Business readiness checklist item","Launch Readiness - Business","Launch Readiness,Business","Viviana"
"Launch Readiness - Business: Initial inventory secured","Business readiness checklist item","Launch Readiness - Business","Launch Readiness,Business","Viviana"
"Launch Readiness - Business: Launch strategy executed","Business readiness checklist item","Launch Readiness - Business","Launch Readiness,Business","Viviana"
"Launch Readiness - Operational: Order processing 100% automated","Operational readiness checklist item","Launch Readiness - Operational","Launch Readiness,Operational","Viviana"
"Launch Readiness - Operational: Customer communication flows tested","Operational readiness checklist item","Launch Readiness - Operational","Launch Readiness,Operational","Viviana"
"Launch Readiness - Operational: Payment processing verified","Operational readiness checklist item","Launch Readiness - Operational","Launch Readiness,Operational","Viviana"
"Launch Readiness - Operational: Shipping integration confirmed","Operational readiness checklist item","Launch Readiness - Operational","Launch Readiness,Operational","Viviana"
"Launch Readiness - Operational: Emergency procedures documented","Operational readiness checklist item","Launch Readiness - Operational","Launch Readiness,Operational","Viviana"
"Success Metric - Technical: System Uptime > 99.5%","Target technical KPI for 2-month goal","Success Metrics","Success Metrics,Technical","Joaquin"
"Success Metric - Technical: Response Time < 2 seconds for WhatsApp responses","Target technical KPI for 2-month goal","Success Metrics","Success Metrics,Technical","Joaquin"
"Success Metric - Technical: Order Processing 100% automated","Target technical KPI for 2-month goal","Success Metrics","Success Metrics,Technical","Joaquin"
"Success Metric - Technical: Error Rate < 1% for critical functions","Target technical KPI for 2-month goal","Success Metrics","Success Metrics,Technical","Joaquin"
"Success Metric - Business: Customer Conversion > 15%","Target business KPI for 2-month goal","Success Metrics","Success Metrics,Business","Viviana"
"Success Metric - Business: Average Order Value > ₡25,000","Target business KPI for 2-month goal","Success Metrics","Success Metrics,Business","Viviana"
"Success Metric - Business: Customer Satisfaction > 90% positive","Target business KPI for 2-month goal","Success Metrics","Success Metrics,Business","Viviana"
"Success Metric - Business: Order Fulfillment < 48 hours","Target business KPI for 2-month goal","Success Metrics","Success Metrics,Business","Viviana"
"Success Metric - Operational: Daily Orders Capacity 50+","Target operational KPI for 2-month goal","Success Metrics","Success Metrics,Operational","Viviana"
"Success Metric - Operational: Product Catalog 200+ active products","Target operational KPI for 2-month goal","Success Metrics","Success Metrics,Operational","Viviana"
"Success Metric - Operational: Customer Support < 1 hour response","Target operational KPI for 2-month goal","Success Metrics","Success Metrics,Operational","Viviana"
"Success Metric - Operational: Inventory Accuracy > 95%","Target operational KPI for 2-month goal","Success Metrics","Success Metrics,Operational","Viviana"
"Post-Launch - Growth Focus (Developer): Analytics, optimization, new features","Post-launch focus area","Post-Launch","Post-Launch,Developer","Joaquin"
"Post-Launch - Growth Focus (Business): Marketing, customer acquisition, expansion","Post-launch focus area","Post-Launch","Post-Launch,Business","Viviana"
"Post-Launch - Success Indicator: Consistent daily orders","Post-launch success indicator","Post-Launch","Post-Launch,Success Indicators","Viviana"
"Post-Launch - Success Indicator: Positive customer feedback","Post-launch success indicator","Post-Launch","Post-Launch,Success Indicators","Viviana"
"Post-Launch - Success Indicator: Smooth operational flow","Post-launch success indicator","Post-Launch","Post-Launch,Success Indicators","Viviana"
"Post-Launch - Success Indicator: Profit margin targets met","Post-launch success indicator","Post-Launch","Post-Launch,Success Indicators","Viviana"
