Name,Description,List,Labels,Members,Due Date,Position
"Set up production environment (AWS/GCP)","Week: 1-2; Role: Developer; Area: Foundation & Setup; Status: To Do","To Do","Week 1-2,Role: Dev,Area: Foundation & Setup","@joaquin39","","top"
"Configure CI/CD pipeline with GitHub Actions","Week: 1-2; Role: Developer; Area: Foundation & Setup; Status: To Do","To Do","Week 1-2,Role: Dev,Area: Foundation & Setup","@joaquin39","","top"
"Set up PostgreSQL database with schemas","Week: 1-2; Role: Developer; Area: Foundation & Setup; Status: To Do","To Do","Week 1-2,Role: Dev,Area: Foundation & Setup","@joaquin39","","top"
"Configure Redis for caching","Week: 1-2; Role: Developer; Area: Foundation & Setup; Status: To Do","To Do","Week 1-2,Role: Dev,Area: Foundation & Setup","@joaquin39","","top"
"Implement database migrations for users, orders, products","Week: 1-2; Role: Developer; Area: Foundation & Setup; Status: To Do","To Do","Week 1-2,Role: Dev,Area: Foundation & Setup","@joaquin39","","top"
"Set up monitoring (logs, error tracking)","Week: 1-2; Role: Developer; Area: Foundation & Setup; Status: To Do","To Do","Week 1-2,Role: Dev,Area: Foundation & Setup","@joaquin39","","top"
"Configure environment variables for all APIs","Week: 1-2; Role: Developer; Area: Foundation & Setup; Status: To Do","To Do","Week 1-2,Role: Dev,Area: Foundation & Setup","@joaquin39","","top"
"WhatsApp Business API integration","Week: 1-2; Role: Developer; Area: Foundation & Setup; Status: In Progress","In Progress","Week 1-2,Role: Dev,Area: Foundation & Setup","@joaquin39","","top"
"Webhook setup and testing","Week: 1-2; Role: Developer; Area: Foundation & Setup; Status: In Progress","In Progress","Week 1-2,Role: Dev,Area: Foundation & Setup","@joaquin39","","top"
"Basic conversation flow implementation","Week: 1-2; Role: Developer; Area: Foundation & Setup; Status: In Progress","In Progress","Week 1-2,Role: Dev,Area: Foundation & Setup","@joaquin39","","top"
"Unit tests for core functions","Week: 1-2; Role: Developer; Area: Foundation & Setup; Status: Testing","Testing","Week 1-2,Role: Dev,Area: Foundation & Setup","@joaquin39","","top"
"Integration tests for Pequeño Mundo scraper","Week: 1-2; Role: Developer; Area: Foundation & Setup; Status: Testing","Testing","Week 1-2,Role: Dev,Area: Foundation & Setup","@joaquin39","","top"
"WhatsApp webhook testing","Week: 1-2; Role: Developer; Area: Foundation & Setup; Status: Testing","Testing","Week 1-2,Role: Dev,Area: Foundation & Setup","@joaquin39","","top"
"Pequeño Mundo scraping system","Week: 1-2; Role: Developer; Area: Foundation & Setup; Status: Done","Done","Week 1-2,Role: Dev,Area: Foundation & Setup","@joaquin39","","top"
"AI rebranding with GPT-4","Week: 1-2; Role: Developer; Area: Foundation & Setup; Status: Done","Done","Week 1-2,Role: Dev,Area: Foundation & Setup","@joaquin39","","top"
"Image processing pipeline","Week: 1-2; Role: Developer; Area: Foundation & Setup; Status: Done","Done","Week 1-2,Role: Dev,Area: Foundation & Setup","@joaquin39","","top"
"Basic project structure","Week: 1-2; Role: Developer; Area: Foundation & Setup; Status: Done","Done","Week 1-2,Role: Dev,Area: Foundation & Setup","@joaquin39","","top"
"Register WhatsApp Business account","Week: 1-2; Role: Business; Area: Foundation & Setup; Status: To Do","To Do","Week 1-2,Role: Business,Area: Foundation & Setup","@vivianaperez63","","top"
"Create business profile and catalog structure","Week: 1-2; Role: Business; Area: Foundation & Setup; Status: To Do","To Do","Week 1-2,Role: Business,Area: Foundation & Setup","@vivianaperez63","","top"
"Research competitor pricing in Costa Rica","Week: 1-2; Role: Business; Area: Foundation & Setup; Status: To Do","To Do","Week 1-2,Role: Business,Area: Foundation & Setup","@vivianaperez63","","top"
"Define product categories and naming conventions","Week: 1-2; Role: Business; Area: Foundation & Setup; Status: To Do","To Do","Week 1-2,Role: Business,Area: Foundation & Setup","@vivianaperez63","","top"
"Create customer service scripts in Spanish","Week: 1-2; Role: Business; Area: Foundation & Setup; Status: To Do","To Do","Week 1-2,Role: Business,Area: Foundation & Setup","@vivianaperez63","","top"
"Research legal requirements for e-commerce in CR","Week: 1-2; Role: Business; Area: Foundation & Setup; Status: To Do","To Do","Week 1-2,Role: Business,Area: Foundation & Setup","@vivianaperez63","","top"
"Test product rebranding quality","Week: 1-2; Role: Business; Area: Foundation & Setup; Status: In Progress","In Progress","Week 1-2,Role: Business,Area: Foundation & Setup","@vivianaperez63","","top"
"Review AI-generated product descriptions","Week: 1-2; Role: Business; Area: Foundation & Setup; Status: In Progress","In Progress","Week 1-2,Role: Business,Area: Foundation & Setup","@vivianaperez63","","top"
"Create brand voice guidelines","Week: 1-2; Role: Business; Area: Foundation & Setup; Status: In Progress","In Progress","Week 1-2,Role: Business,Area: Foundation & Setup","@vivianaperez63","","top"
"Test WhatsApp conversation flows","Week: 1-2; Role: Business; Area: Foundation & Setup; Status: Testing","Testing","Week 1-2,Role: Business,Area: Foundation & Setup","@vivianaperez63","","top"
"Verify product descriptions make sense","Week: 1-2; Role: Business; Area: Foundation & Setup; Status: Testing","Testing","Week 1-2,Role: Business,Area: Foundation & Setup","@vivianaperez63","","top"
"Check pricing competitiveness","Week: 1-2; Role: Business; Area: Foundation & Setup; Status: Testing","Testing","Week 1-2,Role: Business,Area: Foundation & Setup","@vivianaperez63","","top"
"Project concept validation","Week: 1-2; Role: Business; Area: Foundation & Setup; Status: Done","Done","Week 1-2,Role: Business,Area: Foundation & Setup","@vivianaperez63","","top"
"Market research basics","Week: 1-2; Role: Business; Area: Foundation & Setup; Status: Done","Done","Week 1-2,Role: Business,Area: Foundation & Setup","@vivianaperez63","","top"
"Implement order management system","Week: 3-4; Role: Developer; Area: Core Product Development; Status: To Do","To Do","Week 3-4,Role: Dev,Area: Core Product Development","@joaquin39","","top"
"Create customer database and profiles","Week: 3-4; Role: Developer; Area: Core Product Development; Status: To Do","To Do","Week 3-4,Role: Dev,Area: Core Product Development","@joaquin39","","top"
"Build admin dashboard (React)","Week: 3-4; Role: Developer; Area: Core Product Development; Status: To Do","To Do","Week 3-4,Role: Dev,Area: Core Product Development","@joaquin39","","top"
"Implement real-time order tracking","Week: 3-4; Role: Developer; Area: Core Product Development; Status: To Do","To Do","Week 3-4,Role: Dev,Area: Core Product Development","@joaquin39","","top"
"Set up automated backup systems","Week: 3-4; Role: Developer; Area: Core Product Development; Status: To Do","To Do","Week 3-4,Role: Dev,Area: Core Product Development","@joaquin39","","top"
"Create API documentation","Week: 3-4; Role: Developer; Area: Core Product Development; Status: To Do","To Do","Week 3-4,Role: Dev,Area: Core Product Development","@joaquin39","","top"
"SINPE payment integration","Week: 3-4; Role: Developer; Area: Core Product Development; Status: In Progress","In Progress","Week 3-4,Role: Dev,Area: Core Product Development","@joaquin39","","top"
"Order status automation","Week: 3-4; Role: Developer; Area: Core Product Development; Status: In Progress","In Progress","Week 3-4,Role: Dev,Area: Core Product Development","@joaquin39","","top"
"Inventory tracking system","Week: 3-4; Role: Developer; Area: Core Product Development; Status: In Progress","In Progress","Week 3-4,Role: Dev,Area: Core Product Development","@joaquin39","","top"
"End-to-end order flow testing","Week: 3-4; Role: Developer; Area: Core Product Development; Status: Testing","Testing","Week 3-4,Role: Dev,Area: Core Product Development","@joaquin39","","top"
"Payment system testing","Week: 3-4; Role: Developer; Area: Core Product Development; Status: Testing","Testing","Week 3-4,Role: Dev,Area: Core Product Development","@joaquin39","","top"
"Database performance testing","Week: 3-4; Role: Developer; Area: Core Product Development; Status: Testing","Testing","Week 3-4,Role: Dev,Area: Core Product Development","@joaquin39","","top"
"Complete WhatsApp integration","Week: 3-4; Role: Developer; Area: Core Product Development; Status: Done","Done","Week 3-4,Role: Dev,Area: Core Product Development","@joaquin39","","top"
"Basic conversation AI","Week: 3-4; Role: Developer; Area: Core Product Development; Status: Done","Done","Week 3-4,Role: Dev,Area: Core Product Development","@joaquin39","","top"
"Product search functionality","Week: 3-4; Role: Developer; Area: Core Product Development; Status: Done","Done","Week 3-4,Role: Dev,Area: Core Product Development","@joaquin39","","top"
"Create customer onboarding process","Week: 3-4; Role: Business; Area: Core Product Development; Status: To Do","To Do","Week 3-4,Role: Business,Area: Core Product Development","@vivianaperez63","","top"
"Design customer support workflows","Week: 3-4; Role: Business; Area: Core Product Development; Status: To Do","To Do","Week 3-4,Role: Business,Area: Core Product Development","@vivianaperez63","","top"
"Prepare product photography guidelines","Week: 3-4; Role: Business; Area: Core Product Development; Status: To Do","To Do","Week 3-4,Role: Business,Area: Core Product Development","@vivianaperez63","","top"
"Create social media accounts (Instagram, Facebook)","Week: 3-4; Role: Business; Area: Core Product Development; Status: To Do","To Do","Week 3-4,Role: Business,Area: Core Product Development","@vivianaperez63","","top"
"Develop customer retention strategies","Week: 3-4; Role: Business; Area: Core Product Development; Status: To Do","To Do","Week 3-4,Role: Business,Area: Core Product Development","@vivianaperez63","","top"
"Test complete customer journey","Week: 3-4; Role: Business; Area: Core Product Development; Status: In Progress","In Progress","Week 3-4,Role: Business,Area: Core Product Development","@vivianaperez63","","top"
"Create FAQ database in Spanish","Week: 3-4; Role: Business; Area: Core Product Development; Status: In Progress","In Progress","Week 3-4,Role: Business,Area: Core Product Development","@vivianaperez63","","top"
"Develop pricing strategy per category","Week: 3-4; Role: Business; Area: Core Product Development; Status: In Progress","In Progress","Week 3-4,Role: Business,Area: Core Product Development","@vivianaperez63","","top"
"Test payment flows from customer perspective","Week: 3-4; Role: Business; Area: Core Product Development; Status: Testing","Testing","Week 3-4,Role: Business,Area: Core Product Development","@vivianaperez63","","top"
"Verify order confirmation messages","Week: 3-4; Role: Business; Area: Core Product Development; Status: Testing","Testing","Week 3-4,Role: Business,Area: Core Product Development","@vivianaperez63","","top"
"Test customer support responses","Week: 3-4; Role: Business; Area: Core Product Development; Status: Testing","Testing","Week 3-4,Role: Business,Area: Core Product Development","@vivianaperez63","","top"
"Brand guidelines and voice","Week: 3-4; Role: Business; Area: Core Product Development; Status: Done","Done","Week 3-4,Role: Business,Area: Core Product Development","@vivianaperez63","","top"
"Product category definitions","Week: 3-4; Role: Business; Area: Core Product Development; Status: Done","Done","Week 3-4,Role: Business,Area: Core Product Development","@vivianaperez63","","top"
"Customer service scripts","Week: 3-4; Role: Business; Area: Core Product Development; Status: Done","Done","Week 3-4,Role: Business,Area: Core Product Development","@vivianaperez63","","top"
"Implement Correos CR shipping integration","Week: 5-6; Role: Developer; Area: Automation & Optimization; Status: To Do","To Do","Week 5-6,Role: Dev,Area: Automation & Optimization","@joaquin39","","top"
"Create automated order processing","Week: 5-6; Role: Developer; Area: Automation & Optimization; Status: To Do","To Do","Week 5-6,Role: Dev,Area: Automation & Optimization","@joaquin39","","top"
"Set up inventory alerts and management","Week: 5-6; Role: Developer; Area: Automation & Optimization; Status: To Do","To Do","Week 5-6,Role: Dev,Area: Automation & Optimization","@joaquin39","","top"
"Build analytics and reporting system","Week: 5-6; Role: Developer; Area: Automation & Optimization; Status: To Do","To Do","Week 5-6,Role: Dev,Area: Automation & Optimization","@joaquin39","","top"
"Implement customer segmentation","Week: 5-6; Role: Developer; Area: Automation & Optimization; Status: To Do","To Do","Week 5-6,Role: Dev,Area: Automation & Optimization","@joaquin39","","top"
"Optimize database queries and performance","Week: 5-6; Role: Developer; Area: Automation & Optimization; Status: To Do","To Do","Week 5-6,Role: Dev,Area: Automation & Optimization","@joaquin39","","top"
"Advanced AI conversation features","Week: 5-6; Role: Developer; Area: Automation & Optimization; Status: In Progress","In Progress","Week 5-6,Role: Dev,Area: Automation & Optimization","@joaquin39","","top"
"Recommendation engine for products","Week: 5-6; Role: Developer; Area: Automation & Optimization; Status: In Progress","In Progress","Week 5-6,Role: Dev,Area: Automation & Optimization","@joaquin39","","top"
"Automated restock notifications","Week: 5-6; Role: Developer; Area: Automation & Optimization; Status: In Progress","In Progress","Week 5-6,Role: Dev,Area: Automation & Optimization","@joaquin39","","top"
"Load testing for concurrent users","Week: 5-6; Role: Developer; Area: Automation & Optimization; Status: Testing","Testing","Week 5-6,Role: Dev,Area: Automation & Optimization","@joaquin39","","top"
"Shipping integration testing","Week: 5-6; Role: Developer; Area: Automation & Optimization; Status: Testing","Testing","Week 5-6,Role: Dev,Area: Automation & Optimization","@joaquin39","","top"
"Analytics accuracy verification","Week: 5-6; Role: Developer; Area: Automation & Optimization; Status: Testing","Testing","Week 5-6,Role: Dev,Area: Automation & Optimization","@joaquin39","","top"
"Payment system fully operational","Week: 5-6; Role: Developer; Area: Automation & Optimization; Status: Done","Done","Week 5-6,Role: Dev,Area: Automation & Optimization","@joaquin39","","top"
"Order management system","Week: 5-6; Role: Developer; Area: Automation & Optimization; Status: Done","Done","Week 5-6,Role: Dev,Area: Automation & Optimization","@joaquin39","","top"
"Basic admin dashboard","Week: 5-6; Role: Developer; Area: Automation & Optimization; Status: Done","Done","Week 5-6,Role: Dev,Area: Automation & Optimization","@joaquin39","","top"
"Create marketing campaign materials","Week: 5-6; Role: Business; Area: Automation & Optimization; Status: To Do","To Do","Week 5-6,Role: Business,Area: Automation & Optimization","@vivianaperez63","","top"
"Develop customer referral program","Week: 5-6; Role: Business; Area: Automation & Optimization; Status: To Do","To Do","Week 5-6,Role: Business,Area: Automation & Optimization","@vivianaperez63","","top"
"Prepare launch strategy","Week: 5-6; Role: Business; Area: Automation & Optimization; Status: To Do","To Do","Week 5-6,Role: Business,Area: Automation & Optimization","@vivianaperez63","","top"
"Create content calendar for social media","Week: 5-6; Role: Business; Area: Automation & Optimization; Status: To Do","To Do","Week 5-6,Role: Business,Area: Automation & Optimization","@vivianaperez63","","top"
"Establish supplier relationships backup plans","Week: 5-6; Role: Business; Area: Automation & Optimization; Status: To Do","To Do","Week 5-6,Role: Business,Area: Automation & Optimization","@vivianaperez63","","top"
"Test all customer touchpoints","Week: 5-6; Role: Business; Area: Automation & Optimization; Status: In Progress","In Progress","Week 5-6,Role: Business,Area: Automation & Optimization","@vivianaperez63","","top"
"Create promotional pricing strategies","Week: 5-6; Role: Business; Area: Automation & Optimization; Status: In Progress","In Progress","Week 5-6,Role: Business,Area: Automation & Optimization","@vivianaperez63","","top"
"Develop customer loyalty program","Week: 5-6; Role: Business; Area: Automation & Optimization; Status: In Progress","In Progress","Week 5-6,Role: Business,Area: Automation & Optimization","@vivianaperez63","","top"
"Full customer experience testing","Week: 5-6; Role: Business; Area: Automation & Optimization; Status: Testing","Testing","Week 5-6,Role: Business,Area: Automation & Optimization","@vivianaperez63","","top"
"Stress test customer service workflows","Week: 5-6; Role: Business; Area: Automation & Optimization; Status: Testing","Testing","Week 5-6,Role: Business,Area: Automation & Optimization","@vivianaperez63","","top"
"Test promotional campaigns","Week: 5-6; Role: Business; Area: Automation & Optimization; Status: Testing","Testing","Week 5-6,Role: Business,Area: Automation & Optimization","@vivianaperez63","","top"
"Complete customer journey documentation","Week: 5-6; Role: Business; Area: Automation & Optimization; Status: Done","Done","Week 5-6,Role: Business,Area: Automation & Optimization","@vivianaperez63","","top"
"Customer support protocols","Week: 5-6; Role: Business; Area: Automation & Optimization; Status: Done","Done","Week 5-6,Role: Business,Area: Automation & Optimization","@vivianaperez63","","top"
"Pricing strategy finalized","Week: 5-6; Role: Business; Area: Automation & Optimization; Status: Done","Done","Week 5-6,Role: Business,Area: Automation & Optimization","@vivianaperez63","","top"
"Final security audit and penetration testing","Week: 7-8; Role: Developer; Area: Launch Preparation & Final Testing; Status: To Do","To Do","Week 7-8,Role: Dev,Area: Launch Prep & Testing","@joaquin39","","top"
"Performance optimization and scaling preparation","Week: 7-8; Role: Developer; Area: Launch Preparation & Final Testing; Status: To Do","To Do","Week 7-8,Role: Dev,Area: Launch Prep & Testing","@joaquin39","","top"
"Set up production monitoring and alerting","Week: 7-8; Role: Developer; Area: Launch Preparation & Final Testing; Status: To Do","To Do","Week 7-8,Role: Dev,Area: Launch Prep & Testing","@joaquin39","","top"
"Create backup and disaster recovery procedures","Week: 7-8; Role: Developer; Area: Launch Preparation & Final Testing; Status: To Do","To Do","Week 7-8,Role: Dev,Area: Launch Prep & Testing","@joaquin39","","top"
"Final API integrations testing","Week: 7-8; Role: Developer; Area: Launch Preparation & Final Testing; Status: To Do","To Do","Week 7-8,Role: Dev,Area: Launch Prep & Testing","@joaquin39","","top"
"Mobile responsiveness optimization","Week: 7-8; Role: Developer; Area: Launch Preparation & Final Testing; Status: To Do","To Do","Week 7-8,Role: Dev,Area: Launch Prep & Testing","@joaquin39","","top"
"Pre-launch system stress testing","Week: 7-8; Role: Developer; Area: Launch Preparation & Final Testing; Status: In Progress","In Progress","Week 7-8,Role: Dev,Area: Launch Prep & Testing","@joaquin39","","top"
"Final bug fixes and optimizations","Week: 7-8; Role: Developer; Area: Launch Preparation & Final Testing; Status: In Progress","In Progress","Week 7-8,Role: Dev,Area: Launch Prep & Testing","@joaquin39","","top"
"Documentation completion","Week: 7-8; Role: Developer; Area: Launch Preparation & Final Testing; Status: In Progress","In Progress","Week 7-8,Role: Dev,Area: Launch Prep & Testing","@joaquin39","","top"
"Complete system integration testing","Week: 7-8; Role: Developer; Area: Launch Preparation & Final Testing; Status: Testing","Testing","Week 7-8,Role: Dev,Area: Launch Prep & Testing","@joaquin39","","top"
"User acceptance testing with real scenarios","Week: 7-8; Role: Developer; Area: Launch Preparation & Final Testing; Status: Testing","Testing","Week 7-8,Role: Dev,Area: Launch Prep & Testing","@joaquin39","","top"
"Performance testing under load","Week: 7-8; Role: Developer; Area: Launch Preparation & Final Testing; Status: Testing","Testing","Week 7-8,Role: Dev,Area: Launch Prep & Testing","@joaquin39","","top"